Type_Income,no_of_cust,avg_annual_income
Pensioner,259,154964.8667953668
"Commercial associate",353,233880.1699716714
Working,769,180154.5799739922
"State servant",115,210130.4347826087
